layer, 0, 15
perceptron, 0
0.00534334	
-0.00042465	
perceptron, 1
0.0283123	
-0.0222513	
perceptron, 2
-0.0668616	
0.0626903	
perceptron, 3
0.00493964	
-0.00322097	
perceptron, 4
0.00148334	
-0.000822156	
perceptron, 5
0.00863903	
0.00589637	
perceptron, 6
0.00327055	
0.0183317	
perceptron, 7
-0.00651494	
0.00839447	
perceptron, 8
0.0261758	
-0.03678	
perceptron, 9
0.0448996	
-0.0397171	
perceptron, 10
-0.0127946	
0.0253715	
perceptron, 11
0.0499228	
-0.0571122	
perceptron, 12
0.0507171	
-0.038882	
perceptron, 13
0.00518212	
-0.00731136	
perceptron, 14
-0.00040788	
-0.00442356	

