layer, 0, 15
perceptron, 0
0.00866159	
-0.0022329	
perceptron, 1
0.0333383	
-0.0334912	
perceptron, 2
-0.050037	
0.0569204	
perceptron, 3
0.00389475	
-0.00165888	
perceptron, 4
0.00119561	
-0.0013373	
perceptron, 5
-0.00797608	
0.008873	
perceptron, 6
-0.00178803	
0.0072596	
perceptron, 7
-0.00667151	
0.00906826	
perceptron, 8
0.0373888	
-0.0240578	
perceptron, 9
0.052013	
-0.0530885	
perceptron, 10
-0.0197825	
0.0111843	
perceptron, 11
0.0536727	
-0.052924	
perceptron, 12
0.0371743	
-0.0317641	
perceptron, 13
-0.00013866	
-0.00961382	
perceptron, 14
-0.00462914	
0.00219871	

