layer, 0, 9
perceptron, 0
0.092041	
0.00917299	
perceptron, 1
0.000990481	
-0.153348	
perceptron, 2
0.935141	
0.654492	
perceptron, 3
-0.0852124	
-0.126932	
perceptron, 4
0.062885	
-0.0680227	
perceptron, 5
-0.0332719	
0.0140458	
perceptron, 6
-0.207965	
0.00983915	
perceptron, 7
0.0570366	
-0.0781913	
perceptron, 8
0.234061	
-0.652795	

