layer, 0, 5
perceptron, 0
0.0202829	
0.00105954	
-0.00218602	
perceptron, 1
0.0418337	
-0.000874766	
-0.00498967	
perceptron, 2
-0.0441415	
-2.23517e-05	
0.0259535	
perceptron, 3
-0.0176378	
-0.000675537	
0.0191211	
perceptron, 4
0.0171915	
-0.00207257	
-0.0145333	

