layer, 0, 5
perceptron, 0
0.00629995	
0.00218739	
-0.00197618	
perceptron, 1
0.0114362	
-0.00264288	
-0.000167383	
perceptron, 2
-0.0101114	
0.00141249	
0.00458703	
perceptron, 3
-0.0112602	
-0.00457547	
0.0138491	
perceptron, 4
0.00193913	
-0.00248695	
0.000519645	

